Workbook

Sheet Group Score
A1: VALIDATION GRID — PHASE 5
A2: Containerization & Deployment on Kubernetes / Cloud Infrastructure
A3: Class: | C3: Group: | E3: Date:
A4: Project: | C4: Jury: | E4: Signature:
A6: Category | B6: Criterion | C6: Detailed Description / Sub-criteria | D6: Max (pts) | E6: Score (0–Max) | F6: Comment
A7: 1. CONTAINERIZATION (5 pts)
A8: 1. CONTAINERIZATION | B8: Creation of separate containers | C8: • Separate Dockerfile for Frontend • Separate Dockerfile for Backend • Separate container for DB (PostgreSQL / MySQL) • Each service has its own image ★ Multi-stage build: build stage vs runtime stage separated ★ Multi-stage build: final image size significantly reduced | D8: 3
B9: Inter-container communication | C9: • Docker network configured • Services communicate correctly (Frontend → Backend → DB) • No connection errors at runtime | D9: 2
B10: Docker images on Docker Hub | C10: • Images are built and pushed to Docker Hub registry. • Container images are stored on Docker Hub. | D10: 1
A11: SUBTOTAL — 1. CONTAINERIZATION | D11: 5 | E11: =E8+E9 -> 0
A12: 2. KUBERNETES DEPLOYMENT (8 pts)
A13: 2. KUBERNETES DEPLOYMENT | B13: Kubernetes Manifests | C13: • Valid YAML files (Deployment, Service, ConfigMap, Secret) • Clear and structured organization • Good separation of resources per service | D13: 2
B14: Service Deployment | C14: • Functional pods (Running state) • Inter-service communication working • No crashes (CrashLoopBackOff) | D14: 2
B15: Application Exposure | C15: • Service (clusterip / LoadBalancer) configured • External access functional and tested | D15: 2
B16: Configuration Management | C16: • Use of ConfigMap for non-sensitive configs • Use of Secrets for sensitive data • Clear separation of config / code | D16: 1
B17: Scalability & High Availability | C17: • Auto-scaling enabled (bonus if HPA configured) | D17: 1
A18: SUBTOTAL — 2. KUBERNETES DEPLOYMENT | D18: 8 | E18: =E13+E14+E15+E16+E17 -> 0
A19: 3. INFRASTRUCTURE & ACCESS (3 pts)
A20: 3. INFRASTRUCTURE & ACCESS | B20: Deployment on Infrastructure (OpenStack) | C20: • Successful deployment on OpenStack environment • Stable and accessible Kubernetes cluster • Secure and functional infrastructure access | D20: 2
B21: Application Access | C21: • Accessible URL • Functional application (frontend + backend) • No critical errors at access | D21: 1
A22: SUBTOTAL — 3. INFRASTRUCTURE & ACCESS | D22: 3 | E22: =E20+E21 -> 0
A23: 4. EXCELLENCE / BONUS (2 pts)
A24: 4. EXCELLENCE / BONUS | B24: Advanced Deployment | C24: • Hybrid deployment with justification of the deployment strategy Or • Successful deployment of a microservices-based application at least 3 micro services Or • CI/CD pipeline (GitHub Actions, GitLab CI, Jenkins…) OR • Setting resource limits (CPU, RAM, storage) for pods to optimize resource usage | D24: 2
B25: Innovation / AI / Observability | C25: • AI integration (smart monitoring, log analysis…) • Observability tools (Prometheus, Grafana, ELK Stack) • Custom dashboards or intelligent alerting | D25: 1
A26: SUBTOTAL — 4. EXCELLENCE / BONUS | D26: 3 | E26: =E24+E25 -> 0
A27: TOTAL GROUP SCORE | D27: 20 | E27: =E8+E9+E10+E13+E14+E15+E16+E17+E20+E21+E24+E25 -> 0 | F27: / 20
A29: JURY OBSERVATIONS
A30: Strengths:
A32: Areas for improvement:
A34: General comments:

Sheet Individual Scores
A1: INDIVIDUAL STUDENT EVALUATION TABLE — PHASE 5
A2: Containerization & Deployment on Kubernetes | Each competency scored /4 pts | Individual Total /20 | Group Score /20
A3: Class: | G3: Jury:
A5: LEVEL GUIDE → Weak = 0.5 pt | Average = 1 pt | Good = 2 pts | Excellent = 4 pts
A6: Student Name | B6: Competency Level Assessed (5 criteria) | G6: Indiv. Total (/20) | H6: Group Score (/20)
B7: Mastery of Containerization (/4) | C7: Deployment Method Choice (/4) | D7: Deployment Impl. (K8s/Cloud) (/4) | E7: Monitoring / Observability & Security Best Practices (/4) | F7: Problem Analysis & Solutions (/4)
A8: Student 1 | G8: =IFERROR(ROUND((IF(B8="Weak (0.5)",0.5,IF(B8="Average (1)",1,IF(B8="Good (2)",2,IF(B8="Excellent (4)",4,0))))+IF(C8="Weak (0.5)",0.5,IF(C8="Average (1)",1,IF(C8="Good (2)",2,IF(C8="Excellent (4)",4,0))))+IF(D8="Weak (0.5)",0.5,IF(D8="Average (1)",1,IF(D8="Good (2)",2,IF(D8="Excellent (4)",4,0))))+IF(E8="Weak (0.5)",0.5,IF(E8="Average (1)",1,IF(E8="Good (2)",2,IF(E8="Excellent (4)",4,0))))+IF(F8="Weak (0.5)",0.5,IF(F8="Average (1)",1,IF(F8="Good (2)",2,IF(F8="Excellent (4)",4,0)))))/20*20,1),"—") -> 0 | H8: ='Group Score'!E27 -> 0
A9: Student 2 | G9: =IFERROR(ROUND((IF(B9="Weak (0.5)",0.5,IF(B9="Average (1)",1,IF(B9="Good (2)",2,IF(B9="Excellent (4)",4,0))))+IF(C9="Weak (0.5)",0.5,IF(C9="Average (1)",1,IF(C9="Good (2)",2,IF(C9="Excellent (4)",4,0))))+IF(D9="Weak (0.5)",0.5,IF(D9="Average (1)",1,IF(D9="Good (2)",2,IF(D9="Excellent (4)",4,0))))+IF(E9="Weak (0.5)",0.5,IF(E9="Average (1)",1,IF(E9="Good (2)",2,IF(E9="Excellent (4)",4,0))))+IF(F9="Weak (0.5)",0.5,IF(F9="Average (1)",1,IF(F9="Good (2)",2,IF(F9="Excellent (4)",4,0)))))/20*20,1),"—") -> 0 | H9: ='Group Score'!E27 -> 0
A10: Student 3 | G10: =IFERROR(ROUND((IF(B10="Weak (0.5)",0.5,IF(B10="Average (1)",1,IF(B10="Good (2)",2,IF(B10="Excellent (4)",4,0))))+IF(C10="Weak (0.5)",0.5,IF(C10="Average (1)",1,IF(C10="Good (2)",2,IF(C10="Excellent (4)",4,0))))+IF(D10="Weak (0.5)",0.5,IF(D10="Average (1)",1,IF(D10="Good (2)",2,IF(D10="Excellent (4)",4,0))))+IF(E10="Weak (0.5)",0.5,IF(E10="Average (1)",1,IF(E10="Good (2)",2,IF(E10="Excellent (4)",4,0))))+IF(F10="Weak (0.5)",0.5,IF(F10="Average (1)",1,IF(F10="Good (2)",2,IF(F10="Excellent (4)",4,0)))))/20*20,1),"—") -> 0 | H10: ='Group Score'!E27 -> 0
A11: Student 4 | G11: =IFERROR(ROUND((IF(B11="Weak (0.5)",0.5,IF(B11="Average (1)",1,IF(B11="Good (2)",2,IF(B11="Excellent (4)",4,0))))+IF(C11="Weak (0.5)",0.5,IF(C11="Average (1)",1,IF(C11="Good (2)",2,IF(C11="Excellent (4)",4,0))))+IF(D11="Weak (0.5)",0.5,IF(D11="Average (1)",1,IF(D11="Good (2)",2,IF(D11="Excellent (4)",4,0))))+IF(E11="Weak (0.5)",0.5,IF(E11="Average (1)",1,IF(E11="Good (2)",2,IF(E11="Excellent (4)",4,0))))+IF(F11="Weak (0.5)",0.5,IF(F11="Average (1)",1,IF(F11="Good (2)",2,IF(F11="Excellent (4)",4,0)))))/20*20,1),"—") -> 0 | H11: ='Group Score'!E27 -> 0
A12: Student 5 | G12: =IFERROR(ROUND((IF(B12="Weak (0.5)",0.5,IF(B12="Average (1)",1,IF(B12="Good (2)",2,IF(B12="Excellent (4)",4,0))))+IF(C12="Weak (0.5)",0.5,IF(C12="Average (1)",1,IF(C12="Good (2)",2,IF(C12="Excellent (4)",4,0))))+IF(D12="Weak (0.5)",0.5,IF(D12="Average (1)",1,IF(D12="Good (2)",2,IF(D12="Excellent (4)",4,0))))+IF(E12="Weak (0.5)",0.5,IF(E12="Average (1)",1,IF(E12="Good (2)",2,IF(E12="Excellent (4)",4,0))))+IF(F12="Weak (0.5)",0.5,IF(F12="Average (1)",1,IF(F12="Good (2)",2,IF(F12="Excellent (4)",4,0)))))/20*20,1),"—") -> 0 | H12: ='Group Score'!E27 -> 0
A13: Student 6 | G13: =IFERROR(ROUND((IF(B13="Weak (0.5)",0.5,IF(B13="Average (1)",1,IF(B13="Good (2)",2,IF(B13="Excellent (4)",4,0))))+IF(C13="Weak (0.5)",0.5,IF(C13="Average (1)",1,IF(C13="Good (2)",2,IF(C13="Excellent (4)",4,0))))+IF(D13="Weak (0.5)",0.5,IF(D13="Average (1)",1,IF(D13="Good (2)",2,IF(D13="Excellent (4)",4,0))))+IF(E13="Weak (0.5)",0.5,IF(E13="Average (1)",1,IF(E13="Good (2)",2,IF(E13="Excellent (4)",4,0))))+IF(F13="Weak (0.5)",0.5,IF(F13="Average (1)",1,IF(F13="Good (2)",2,IF(F13="Excellent (4)",4,0)))))/20*20,1),"—") -> 0 | H13: ='Group Score'!E27 -> 0
A14: Student 7 | G14: =IFERROR(ROUND((IF(B14="Weak (0.5)",0.5,IF(B14="Average (1)",1,IF(B14="Good (2)",2,IF(B14="Excellent (4)",4,0))))+IF(C14="Weak (0.5)",0.5,IF(C14="Average (1)",1,IF(C14="Good (2)",2,IF(C14="Excellent (4)",4,0))))+IF(D14="Weak (0.5)",0.5,IF(D14="Average (1)",1,IF(D14="Good (2)",2,IF(D14="Excellent (4)",4,0))))+IF(E14="Weak (0.5)",0.5,IF(E14="Average (1)",1,IF(E14="Good (2)",2,IF(E14="Excellent (4)",4,0))))+IF(F14="Weak (0.5)",0.5,IF(F14="Average (1)",1,IF(F14="Good (2)",2,IF(F14="Excellent (4)",4,0)))))/20*20,1),"—") -> 0 | H14: ='Group Score'!E27 -> 0
A15: CLASS AVERAGE | G15: =IFERROR(AVERAGEIF(G8:G14,"<>—"),"—") -> 0 | H15: =IFERROR(AVERAGEIF(H8:H14,"<>—"),"—") -> 0
A17: INDIVIDUAL COMPETENCY ASSESSMENT
A18: Competency | B18: Weak (0.5 pt) | D18: Average (1 pt) | F18: Good (2 pts) | H18: Excellent (4 pts)
A19: Mastery of containerization methods and steps | B19: • Ne comprend pas Dockerfile, confusion image/container | D19: • Compréhension partielle (Dockerfile, layers) | F19: • Explique build, run, réseau, multi-container | H19: • Maîtrise avancée : multi-stage, optimisation, sécurité
A20: Choice of deployment method & ability to justify | B20: • Incapable de justifier le choix | D20: • Justification vague | F20: • Justification correcte selon besoin | H20: • Analyse comparative avancée + choix optimal
A21: Ability to analyze problems and find solutions | B21: • Ne sait pas diagnostiquer | D21: • Identifie sans résoudre | F21: • Résout la majorité des problèmes | H21: • Démarche structurée + solutions optimales
A22: Deployment Implementation (Kubernetes / Cloud) | B22: • Ne comprend pas Pod/Service | D22: • Compréhension partielle | F22: • Explique Deployment, Service, scaling | H22: • Maîtrise avancée (Ingress, ConfigMap, architecture complète) | J22: =SUM(J19:J21) -> 0
A23: Monitoring / Observability & Security Best Practices | B23: • Ne connaît ni monitoring ni sécurité | D23: • Connaissances basiques (logs ou env variables) | F23: • Explique logs, métriques + bonnes pratiques sécurité | H23: • Maîtrise complète : observabilité (logs, metrics, alerting) + sécurité (RBAC, secrets, non-root, network policies)
A24: ★ HOW TO USE: Click the yellow Score cell → select the level (0.5 / 1 / 2 / 4) → the total updates automatically.
